subject,run,family,sfreq,n_channels,duration_s,n_annotations,n_T0,n_T1,n_T2,other_labels,ch_names_hash,error
1,3,executed_lr,160.0,64,125.0,30,15,8,7,[],737393259880580152,
1,7,executed_lr,160.0,64,125.0,30,15,8,7,[],737393259880580152,
1,11,executed_lr,160.0,64,125.0,30,15,7,8,[],737393259880580152,
1,4,imagined_lr,160.0,64,125.0,30,15,8,7,[],737393259880580152,
1,8,imagined_lr,160.0,64,125.0,30,15,8,7,[],737393259880580152,
1,12,imagined_lr,160.0,64,125.0,30,15,7,8,[],737393259880580152,
2,3,executed_lr,160.0,64,123.0,30,15,8,7,[],737393259880580152,
2,7,executed_lr,160.0,64,123.0,30,15,7,8,[],737393259880580152,
2,11,executed_lr,160.0,64,123.0,30,15,8,7,[],737393259880580152,
2,4,imagined_lr,160.0,64,123.0,30,15,7,8,[],737393259880580152,
2,8,imagined_lr,160.0,64,123.0,30,15,8,7,[],737393259880580152,
2,12,imagined_lr,160.0,64,123.0,30,15,8,7,[],737393259880580152,
3,3,executed_lr,160.0,64,125.0,30,15,7,8,[],737393259880580152,
3,7,executed_lr,160.0,64,125.0,30,15,8,7,[],737393259880580152,
3,11,executed_lr,160.0,64,125.0,30,15,7,8,[],737393259880580152,
3,4,imagined_lr,160.0,64,125.0,30,15,8,7,[],737393259880580152,
3,8,imagined_lr,160.0,64,125.0,30,15,7,8,[],737393259880580152,
3,12,imagined_lr,160.0,64,125.0,30,15,8,7,[],737393259880580152,
4,3,executed_lr,160.0,64,123.0,30,15,7,8,[],737393259880580152,
4,7,executed_lr,160.0,64,123.0,30,15,7,8,[],737393259880580152,
4,11,executed_lr,160.0,64,123.0,30,15,8,7,[],737393259880580152,
4,4,imagined_lr,160.0,64,123.0,30,15,8,7,[],737393259880580152,
4,8,imagined_lr,160.0,64,123.0,30,15,7,8,[],737393259880580152,
4,12,imagined_lr,160.0,64,123.0,30,15,8,7,[],737393259880580152,
5,3,executed_lr,160.0,64,123.0,30,15,7,8,[],737393259880580152,
5,7,executed_lr,160.0,64,123.0,30,15,8,7,[],737393259880580152,
5,11,executed_lr,160.0,64,123.0,30,15,8,7,[],737393259880580152,
5,4,imagined_lr,160.0,64,123.0,30,15,7,8,[],737393259880580152,
5,8,imagined_lr,160.0,64,123.0,30,15,7,8,[],737393259880580152,
5,12,imagined_lr,160.0,64,123.0,30,15,7,8,[],737393259880580152,
6,3,executed_lr,160.0,64,123.0,30,15,8,7,[],737393259880580152,
6,7,executed_lr,160.0,64,123.0,30,15,7,8,[],737393259880580152,
6,11,executed_lr,160.0,64,123.0,30,15,7,8,[],737393259880580152,
6,4,imagined_lr,160.0,64,123.0,30,15,8,7,[],737393259880580152,
6,8,imagined_lr,160.0,64,123.0,30,15,8,7,[],737393259880580152,
6,12,imagined_lr,160.0,64,123.0,30,15,8,7,[],737393259880580152,
7,3,executed_lr,160.0,64,125.0,30,15,7,8,[],737393259880580152,
7,7,executed_lr,160.0,64,125.0,30,15,8,7,[],737393259880580152,
7,11,executed_lr,160.0,64,125.0,30,15,8,7,[],737393259880580152,
7,4,imagined_lr,160.0,64,125.0,30,15,8,7,[],737393259880580152,
7,8,imagined_lr,160.0,64,125.0,30,15,8,7,[],737393259880580152,
7,12,imagined_lr,160.0,64,125.0,30,15,7,8,[],737393259880580152,
8,3,executed_lr,160.0,64,123.0,30,15,7,8,[],737393259880580152,
8,7,executed_lr,160.0,64,123.0,30,15,7,8,[],737393259880580152,
8,11,executed_lr,160.0,64,123.0,30,15,8,7,[],737393259880580152,
8,4,imagined_lr,160.0,64,123.0,30,15,7,8,[],737393259880580152,
8,8,imagined_lr,160.0,64,123.0,30,15,7,8,[],737393259880580152,
8,12,imagined_lr,160.0,64,123.0,30,15,8,7,[],737393259880580152,
9,3,executed_lr,160.0,64,123.0,30,15,8,7,[],737393259880580152,
9,7,executed_lr,160.0,64,123.0,30,15,8,7,[],737393259880580152,
9,11,executed_lr,160.0,64,123.0,30,15,7,8,[],737393259880580152,
9,4,imagined_lr,160.0,64,123.0,30,15,8,7,[],737393259880580152,
9,8,imagined_lr,160.0,64,123.0,30,15,8,7,[],737393259880580152,
9,12,imagined_lr,160.0,64,123.0,30,15,8,7,[],737393259880580152,
10,3,executed_lr,160.0,64,123.0,30,15,8,7,[],737393259880580152,
10,7,executed_lr,160.0,64,123.0,30,15,8,7,[],737393259880580152,
10,11,executed_lr,160.0,64,123.0,30,15,8,7,[],737393259880580152,
10,4,imagined_lr,160.0,64,123.0,30,15,8,7,[],737393259880580152,
10,8,imagined_lr,160.0,64,123.0,30,15,8,7,[],737393259880580152,
10,12,imagined_lr,160.0,64,123.0,30,15,8,7,[],737393259880580152,
11,3,executed_lr,160.0,64,123.0,30,15,7,8,[],737393259880580152,
11,7,executed_lr,160.0,64,123.0,30,15,7,8,[],737393259880580152,
11,11,executed_lr,160.0,64,123.0,30,15,8,7,[],737393259880580152,
11,4,imagined_lr,160.0,64,123.0,30,15,8,7,[],737393259880580152,
11,8,imagined_lr,160.0,64,123.0,30,15,7,8,[],737393259880580152,
11,12,imagined_lr,160.0,64,123.0,30,15,8,7,[],737393259880580152,
12,3,executed_lr,160.0,64,123.0,30,15,8,7,[],737393259880580152,
12,7,executed_lr,160.0,64,123.0,30,15,8,7,[],737393259880580152,
12,11,executed_lr,160.0,64,123.0,30,15,8,7,[],737393259880580152,
12,4,imagined_lr,160.0,64,123.0,30,15,7,8,[],737393259880580152,
12,8,imagined_lr,160.0,64,123.0,30,15,7,8,[],737393259880580152,
12,12,imagined_lr,160.0,64,123.0,30,15,7,8,[],737393259880580152,
13,3,executed_lr,160.0,64,123.0,30,15,8,7,[],737393259880580152,
13,7,executed_lr,160.0,64,123.0,30,15,8,7,[],737393259880580152,
13,11,executed_lr,160.0,64,123.0,30,15,8,7,[],737393259880580152,
13,4,imagined_lr,160.0,64,123.0,30,15,8,7,[],737393259880580152,
13,8,imagined_lr,160.0,64,123.0,30,15,8,7,[],737393259880580152,
13,12,imagined_lr,160.0,64,123.0,30,15,7,8,[],737393259880580152,
14,3,executed_lr,160.0,64,123.0,30,15,7,8,[],737393259880580152,
14,7,executed_lr,160.0,64,123.0,30,15,7,8,[],737393259880580152,
14,11,executed_lr,160.0,64,123.0,30,15,8,7,[],737393259880580152,
14,4,imagined_lr,160.0,64,123.0,30,15,7,8,[],737393259880580152,
14,8,imagined_lr,160.0,64,123.0,30,15,7,8,[],737393259880580152,
14,12,imagined_lr,160.0,64,123.0,30,15,8,7,[],737393259880580152,
15,3,executed_lr,160.0,64,123.0,30,15,7,8,[],737393259880580152,
15,7,executed_lr,160.0,64,123.0,30,15,7,8,[],737393259880580152,
15,11,executed_lr,160.0,64,123.0,30,15,8,7,[],737393259880580152,
15,4,imagined_lr,160.0,64,123.0,30,15,7,8,[],737393259880580152,
15,8,imagined_lr,160.0,64,123.0,30,15,8,7,[],737393259880580152,
15,12,imagined_lr,160.0,64,123.0,30,15,8,7,[],737393259880580152,
16,3,executed_lr,160.0,64,123.0,30,15,8,7,[],737393259880580152,
16,7,executed_lr,160.0,64,123.0,30,15,7,8,[],737393259880580152,
16,11,executed_lr,160.0,64,123.0,30,15,8,7,[],737393259880580152,
16,4,imagined_lr,160.0,64,123.0,30,15,7,8,[],737393259880580152,
16,8,imagined_lr,160.0,64,123.0,30,15,8,7,[],737393259880580152,
16,12,imagined_lr,160.0,64,123.0,30,15,7,8,[],737393259880580152,
17,3,executed_lr,160.0,64,123.0,30,15,8,7,[],737393259880580152,
17,7,executed_lr,160.0,64,123.0,30,15,8,7,[],737393259880580152,
17,11,executed_lr,160.0,64,123.0,30,15,7,8,[],737393259880580152,
17,4,imagined_lr,160.0,64,123.0,30,15,7,8,[],737393259880580152,
17,8,imagined_lr,160.0,64,123.0,30,15,8,7,[],737393259880580152,
17,12,imagined_lr,160.0,64,123.0,30,15,8,7,[],737393259880580152,
18,3,executed_lr,160.0,64,123.0,30,15,8,7,[],737393259880580152,
18,7,executed_lr,160.0,64,123.0,30,15,7,8,[],737393259880580152,
18,11,executed_lr,160.0,64,123.0,30,15,7,8,[],737393259880580152,
18,4,imagined_lr,160.0,64,123.0,30,15,7,8,[],737393259880580152,
18,8,imagined_lr,160.0,64,123.0,30,15,8,7,[],737393259880580152,
18,12,imagined_lr,160.0,64,123.0,30,15,7,8,[],737393259880580152,
19,3,executed_lr,160.0,64,123.0,30,15,8,7,[],737393259880580152,
19,7,executed_lr,160.0,64,123.0,30,15,8,7,[],737393259880580152,
19,11,executed_lr,160.0,64,123.0,30,15,8,7,[],737393259880580152,
19,4,imagined_lr,160.0,64,123.0,30,15,8,7,[],737393259880580152,
19,8,imagined_lr,160.0,64,123.0,30,15,8,7,[],737393259880580152,
19,12,imagined_lr,160.0,64,123.0,30,15,7,8,[],737393259880580152,
20,3,executed_lr,160.0,64,123.0,30,15,7,8,[],737393259880580152,
20,7,executed_lr,160.0,64,123.0,30,15,7,8,[],737393259880580152,
20,11,executed_lr,160.0,64,123.0,30,15,7,8,[],737393259880580152,
20,4,imagined_lr,160.0,64,123.0,30,15,7,8,[],737393259880580152,
20,8,imagined_lr,160.0,64,123.0,30,15,8,7,[],737393259880580152,
20,12,imagined_lr,160.0,64,123.0,30,15,8,7,[],737393259880580152,
21,3,executed_lr,160.0,64,125.0,30,15,8,7,[],737393259880580152,
21,7,executed_lr,160.0,64,125.0,30,15,8,7,[],737393259880580152,
21,11,executed_lr,160.0,64,125.0,30,15,8,7,[],737393259880580152,
21,4,imagined_lr,160.0,64,125.0,30,15,8,7,[],737393259880580152,
21,8,imagined_lr,160.0,64,125.0,30,15,8,7,[],737393259880580152,
21,12,imagined_lr,160.0,64,125.0,30,15,8,7,[],737393259880580152,
22,3,executed_lr,160.0,64,125.0,30,15,7,8,[],737393259880580152,
22,7,executed_lr,160.0,64,125.0,30,15,8,7,[],737393259880580152,
22,11,executed_lr,160.0,64,125.0,30,15,8,7,[],737393259880580152,
22,4,imagined_lr,160.0,64,125.0,30,15,7,8,[],737393259880580152,
22,8,imagined_lr,160.0,64,125.0,30,15,8,7,[],737393259880580152,
22,12,imagined_lr,160.0,64,125.0,30,15,7,8,[],737393259880580152,
23,3,executed_lr,160.0,64,123.0,30,15,8,7,[],737393259880580152,
23,7,executed_lr,160.0,64,123.0,30,15,7,8,[],737393259880580152,
23,11,executed_lr,160.0,64,123.0,30,15,7,8,[],737393259880580152,
23,4,imagined_lr,160.0,64,123.0,30,15,8,7,[],737393259880580152,
23,8,imagined_lr,160.0,64,123.0,30,15,7,8,[],737393259880580152,
23,12,imagined_lr,160.0,64,123.0,30,15,7,8,[],737393259880580152,
24,3,executed_lr,160.0,64,123.0,30,15,7,8,[],737393259880580152,
24,7,executed_lr,160.0,64,123.0,30,15,8,7,[],737393259880580152,
24,11,executed_lr,160.0,64,123.0,30,15,8,7,[],737393259880580152,
24,4,imagined_lr,160.0,64,123.0,30,15,7,8,[],737393259880580152,
24,8,imagined_lr,160.0,64,123.0,30,15,7,8,[],737393259880580152,
24,12,imagined_lr,160.0,64,123.0,30,15,8,7,[],737393259880580152,
25,3,executed_lr,160.0,64,123.0,30,15,7,8,[],737393259880580152,
25,7,executed_lr,160.0,64,123.0,30,15,8,7,[],737393259880580152,
25,11,executed_lr,160.0,64,123.0,30,15,8,7,[],737393259880580152,
25,4,imagined_lr,160.0,64,123.0,30,15,7,8,[],737393259880580152,
25,8,imagined_lr,160.0,64,123.0,30,15,7,8,[],737393259880580152,
25,12,imagined_lr,160.0,64,123.0,30,15,8,7,[],737393259880580152,
26,3,executed_lr,160.0,64,123.0,30,15,8,7,[],737393259880580152,
26,7,executed_lr,160.0,64,123.0,30,15,8,7,[],737393259880580152,
26,11,executed_lr,160.0,64,123.0,30,15,7,8,[],737393259880580152,
26,4,imagined_lr,160.0,64,123.0,30,15,8,7,[],737393259880580152,
26,8,imagined_lr,160.0,64,123.0,30,15,8,7,[],737393259880580152,
26,12,imagined_lr,160.0,64,123.0,30,15,8,7,[],737393259880580152,
27,3,executed_lr,160.0,64,123.0,30,15,7,8,[],737393259880580152,
27,7,executed_lr,160.0,64,123.0,30,15,8,7,[],737393259880580152,
27,11,executed_lr,160.0,64,123.0,30,15,8,7,[],737393259880580152,
27,4,imagined_lr,160.0,64,123.0,30,15,8,7,[],737393259880580152,
27,8,imagined_lr,160.0,64,123.0,30,15,7,8,[],737393259880580152,
27,12,imagined_lr,160.0,64,123.0,30,15,8,7,[],737393259880580152,
28,3,executed_lr,160.0,64,123.0,30,15,8,7,[],737393259880580152,
28,7,executed_lr,160.0,64,123.0,30,15,8,7,[],737393259880580152,
28,11,executed_lr,160.0,64,123.0,30,15,7,8,[],737393259880580152,
28,4,imagined_lr,160.0,64,123.0,30,15,8,7,[],737393259880580152,
28,8,imagined_lr,160.0,64,123.0,30,15,7,8,[],737393259880580152,
28,12,imagined_lr,160.0,64,123.0,30,15,7,8,[],737393259880580152,
29,3,executed_lr,160.0,64,124.0,30,15,7,8,[],737393259880580152,
29,7,executed_lr,160.0,64,124.0,30,15,7,8,[],737393259880580152,
29,11,executed_lr,160.0,64,124.0,30,15,8,7,[],737393259880580152,
29,4,imagined_lr,160.0,64,124.0,30,15,8,7,[],737393259880580152,
29,8,imagined_lr,160.0,64,124.0,30,15,8,7,[],737393259880580152,
29,12,imagined_lr,160.0,64,124.0,30,15,7,8,[],737393259880580152,
30,3,executed_lr,160.0,64,124.0,30,15,7,8,[],737393259880580152,
30,7,executed_lr,160.0,64,124.0,30,15,8,7,[],737393259880580152,
30,11,executed_lr,160.0,64,124.0,30,15,7,8,[],737393259880580152,
30,4,imagined_lr,160.0,64,124.0,30,15,8,7,[],737393259880580152,
30,8,imagined_lr,160.0,64,124.0,30,15,8,7,[],737393259880580152,
30,12,imagined_lr,160.0,64,124.0,30,15,8,7,[],737393259880580152,
31,3,executed_lr,160.0,64,123.0,30,15,7,8,[],737393259880580152,
31,7,executed_lr,160.0,64,123.0,30,15,8,7,[],737393259880580152,
31,11,executed_lr,160.0,64,123.0,30,15,8,7,[],737393259880580152,
31,4,imagined_lr,160.0,64,123.0,30,15,8,7,[],737393259880580152,
31,8,imagined_lr,160.0,64,123.0,30,15,7,8,[],737393259880580152,
31,12,imagined_lr,160.0,64,123.0,30,15,7,8,[],737393259880580152,
32,3,executed_lr,160.0,64,125.0,30,15,8,7,[],737393259880580152,
32,7,executed_lr,160.0,64,125.0,30,15,8,7,[],737393259880580152,
32,11,executed_lr,160.0,64,125.0,30,15,7,8,[],737393259880580152,
32,4,imagined_lr,160.0,64,125.0,30,15,7,8,[],737393259880580152,
32,8,imagined_lr,160.0,64,125.0,30,15,7,8,[],737393259880580152,
32,12,imagined_lr,160.0,64,125.0,30,15,7,8,[],737393259880580152,
33,3,executed_lr,160.0,64,123.0,30,15,7,8,[],737393259880580152,
33,7,executed_lr,160.0,64,123.0,30,15,7,8,[],737393259880580152,
33,11,executed_lr,160.0,64,123.0,30,15,7,8,[],737393259880580152,
33,4,imagined_lr,160.0,64,123.0,30,15,8,7,[],737393259880580152,
33,8,imagined_lr,160.0,64,123.0,30,15,8,7,[],737393259880580152,
33,12,imagined_lr,160.0,64,123.0,30,15,7,8,[],737393259880580152,
34,3,executed_lr,160.0,64,123.0,30,15,8,7,[],737393259880580152,
34,7,executed_lr,160.0,64,123.0,30,15,7,8,[],737393259880580152,
34,11,executed_lr,160.0,64,123.0,30,15,8,7,[],737393259880580152,
34,4,imagined_lr,160.0,64,124.0,30,15,7,8,[],737393259880580152,
34,8,imagined_lr,160.0,64,123.0,30,15,7,8,[],737393259880580152,
34,12,imagined_lr,160.0,64,123.0,30,15,7,8,[],737393259880580152,
35,3,executed_lr,160.0,64,125.0,30,15,7,8,[],737393259880580152,
35,7,executed_lr,160.0,64,125.0,30,15,7,8,[],737393259880580152,
35,11,executed_lr,160.0,64,125.0,30,15,7,8,[],737393259880580152,
35,4,imagined_lr,160.0,64,125.0,30,15,8,7,[],737393259880580152,
35,8,imagined_lr,160.0,64,125.0,30,15,7,8,[],737393259880580152,
35,12,imagined_lr,160.0,64,125.0,30,15,7,8,[],737393259880580152,
36,3,executed_lr,160.0,64,123.0,30,15,8,7,[],737393259880580152,
36,7,executed_lr,160.0,64,123.0,30,15,7,8,[],737393259880580152,
36,11,executed_lr,160.0,64,123.0,30,15,8,7,[],737393259880580152,
36,4,imagined_lr,160.0,64,123.0,30,15,8,7,[],737393259880580152,
36,8,imagined_lr,160.0,64,123.0,30,15,7,8,[],737393259880580152,
36,12,imagined_lr,160.0,64,123.0,30,15,8,7,[],737393259880580152,
37,3,executed_lr,160.0,64,123.0,30,15,8,7,[],737393259880580152,
37,7,executed_lr,160.0,64,123.0,30,15,8,7,[],737393259880580152,
37,11,executed_lr,160.0,64,123.0,30,15,7,8,[],737393259880580152,
37,4,imagined_lr,160.0,64,124.0,30,15,8,7,[],737393259880580152,
37,8,imagined_lr,160.0,64,123.0,30,15,8,7,[],737393259880580152,
37,12,imagined_lr,160.0,64,123.0,30,15,7,8,[],737393259880580152,
38,3,executed_lr,160.0,64,123.0,30,15,7,8,[],737393259880580152,
38,7,executed_lr,160.0,64,123.0,30,15,8,7,[],737393259880580152,
38,11,executed_lr,160.0,64,123.0,30,15,8,7,[],737393259880580152,
38,4,imagined_lr,160.0,64,123.0,30,15,8,7,[],737393259880580152,
38,8,imagined_lr,160.0,64,123.0,30,15,8,7,[],737393259880580152,
38,12,imagined_lr,160.0,64,123.0,30,15,7,8,[],737393259880580152,
39,3,executed_lr,160.0,64,123.0,30,15,8,7,[],737393259880580152,
39,7,executed_lr,160.0,64,123.0,30,15,7,8,[],737393259880580152,
39,11,executed_lr,160.0,64,123.0,30,15,8,7,[],737393259880580152,
39,4,imagined_lr,160.0,64,123.0,30,15,8,7,[],737393259880580152,
39,8,imagined_lr,160.0,64,123.0,30,15,8,7,[],737393259880580152,
39,12,imagined_lr,160.0,64,123.0,30,15,7,8,[],737393259880580152,
40,3,executed_lr,160.0,64,123.0,30,15,8,7,[],737393259880580152,
40,7,executed_lr,160.0,64,123.0,30,15,8,7,[],737393259880580152,
40,11,executed_lr,160.0,64,123.0,30,15,7,8,[],737393259880580152,
40,4,imagined_lr,160.0,64,123.0,30,15,7,8,[],737393259880580152,
40,8,imagined_lr,160.0,64,123.0,30,15,7,8,[],737393259880580152,
40,12,imagined_lr,160.0,64,123.0,30,15,7,8,[],737393259880580152,
41,3,executed_lr,160.0,64,123.0,30,15,8,7,[],737393259880580152,
41,7,executed_lr,160.0,64,123.0,30,15,7,8,[],737393259880580152,
41,11,executed_lr,160.0,64,123.0,30,15,7,8,[],737393259880580152,
41,4,imagined_lr,160.0,64,124.0,30,15,8,7,[],737393259880580152,
41,8,imagined_lr,160.0,64,123.0,30,15,8,7,[],737393259880580152,
41,12,imagined_lr,160.0,64,124.0,30,15,8,7,[],737393259880580152,
42,3,executed_lr,160.0,64,123.0,30,15,8,7,[],737393259880580152,
42,7,executed_lr,160.0,64,123.0,30,15,7,8,[],737393259880580152,
42,11,executed_lr,160.0,64,123.0,30,15,7,8,[],737393259880580152,
42,4,imagined_lr,160.0,64,123.0,30,15,7,8,[],737393259880580152,
42,8,imagined_lr,160.0,64,123.0,30,15,8,7,[],737393259880580152,
42,12,imagined_lr,160.0,64,123.0,30,15,7,8,[],737393259880580152,
43,3,executed_lr,160.0,64,123.0,30,15,7,8,[],737393259880580152,
43,7,executed_lr,160.0,64,123.0,30,15,7,8,[],737393259880580152,
43,11,executed_lr,160.0,64,123.0,30,15,8,7,[],737393259880580152,
43,4,imagined_lr,160.0,64,123.0,30,15,8,7,[],737393259880580152,
43,8,imagined_lr,160.0,64,123.0,30,15,7,8,[],737393259880580152,
43,12,imagined_lr,160.0,64,123.0,30,15,8,7,[],737393259880580152,
44,3,executed_lr,160.0,64,123.0,30,15,8,7,[],737393259880580152,
44,7,executed_lr,160.0,64,123.0,30,15,8,7,[],737393259880580152,
44,11,executed_lr,160.0,64,123.0,30,15,7,8,[],737393259880580152,
44,4,imagined_lr,160.0,64,123.0,30,15,7,8,[],737393259880580152,
44,8,imagined_lr,160.0,64,123.0,30,15,7,8,[],737393259880580152,
44,12,imagined_lr,160.0,64,123.0,30,15,8,7,[],737393259880580152,
45,3,executed_lr,160.0,64,123.0,30,15,7,8,[],737393259880580152,
45,7,executed_lr,160.0,64,123.0,30,15,8,7,[],737393259880580152,
45,11,executed_lr,160.0,64,123.0,30,15,7,8,[],737393259880580152,
45,4,imagined_lr,160.0,64,123.0,30,15,8,7,[],737393259880580152,
45,8,imagined_lr,160.0,64,123.0,30,15,8,7,[],737393259880580152,
45,12,imagined_lr,160.0,64,123.0,30,15,7,8,[],737393259880580152,
46,3,executed_lr,160.0,64,125.0,30,15,7,8,[],737393259880580152,
46,7,executed_lr,160.0,64,125.0,30,15,8,7,[],737393259880580152,
46,11,executed_lr,160.0,64,125.0,30,15,7,8,[],737393259880580152,
46,4,imagined_lr,160.0,64,125.0,30,15,8,7,[],737393259880580152,
46,8,imagined_lr,160.0,64,125.0,30,15,7,8,[],737393259880580152,
46,12,imagined_lr,160.0,64,125.0,30,15,8,7,[],737393259880580152,
47,3,executed_lr,160.0,64,123.0,30,15,8,7,[],737393259880580152,
47,7,executed_lr,160.0,64,123.0,30,15,8,7,[],737393259880580152,
47,11,executed_lr,160.0,64,123.0,30,15,7,8,[],737393259880580152,
47,4,imagined_lr,160.0,64,123.0,30,15,8,7,[],737393259880580152,
47,8,imagined_lr,160.0,64,123.0,30,15,8,7,[],737393259880580152,
47,12,imagined_lr,160.0,64,123.0,30,15,8,7,[],737393259880580152,
48,3,executed_lr,160.0,64,123.0,30,15,7,8,[],737393259880580152,
48,7,executed_lr,160.0,64,123.0,30,15,8,7,[],737393259880580152,
48,11,executed_lr,160.0,64,123.0,30,15,7,8,[],737393259880580152,
48,4,imagined_lr,160.0,64,123.0,30,15,8,7,[],737393259880580152,
48,8,imagined_lr,160.0,64,123.0,30,15,7,8,[],737393259880580152,
48,12,imagined_lr,160.0,64,123.0,30,15,7,8,[],737393259880580152,
49,3,executed_lr,160.0,64,123.0,30,15,7,8,[],737393259880580152,
49,7,executed_lr,160.0,64,123.0,30,15,7,8,[],737393259880580152,
49,11,executed_lr,160.0,64,123.0,30,15,8,7,[],737393259880580152,
49,4,imagined_lr,160.0,64,123.0,30,15,7,8,[],737393259880580152,
49,8,imagined_lr,160.0,64,123.0,30,15,8,7,[],737393259880580152,
49,12,imagined_lr,160.0,64,123.0,30,15,8,7,[],737393259880580152,
50,3,executed_lr,160.0,64,123.0,30,15,8,7,[],737393259880580152,
50,7,executed_lr,160.0,64,123.0,30,15,8,7,[],737393259880580152,
50,11,executed_lr,160.0,64,123.0,30,15,8,7,[],737393259880580152,
50,4,imagined_lr,160.0,64,123.0,30,15,7,8,[],737393259880580152,
50,8,imagined_lr,160.0,64,123.0,30,15,8,7,[],737393259880580152,
50,12,imagined_lr,160.0,64,123.0,30,15,8,7,[],737393259880580152,
51,3,executed_lr,160.0,64,123.0,30,15,8,7,[],737393259880580152,
51,7,executed_lr,160.0,64,123.0,30,15,8,7,[],737393259880580152,
51,11,executed_lr,160.0,64,123.0,30,15,7,8,[],737393259880580152,
51,4,imagined_lr,160.0,64,124.0,30,15,8,7,[],737393259880580152,
51,8,imagined_lr,160.0,64,124.0,30,15,8,7,[],737393259880580152,
51,12,imagined_lr,160.0,64,124.0,30,15,8,7,[],737393259880580152,
52,3,executed_lr,160.0,64,123.0,30,15,8,7,[],737393259880580152,
52,7,executed_lr,160.0,64,123.0,30,15,7,8,[],737393259880580152,
52,11,executed_lr,160.0,64,123.0,30,15,7,8,[],737393259880580152,
52,4,imagined_lr,160.0,64,123.0,30,15,8,7,[],737393259880580152,
52,8,imagined_lr,160.0,64,123.0,30,15,8,7,[],737393259880580152,
52,12,imagined_lr,160.0,64,123.0,30,15,8,7,[],737393259880580152,
53,3,executed_lr,160.0,64,123.0,30,15,7,8,[],737393259880580152,
53,7,executed_lr,160.0,64,123.0,30,15,7,8,[],737393259880580152,
53,11,executed_lr,160.0,64,123.0,30,15,8,7,[],737393259880580152,
53,4,imagined_lr,160.0,64,123.0,30,15,7,8,[],737393259880580152,
53,8,imagined_lr,160.0,64,123.0,30,15,7,8,[],737393259880580152,
53,12,imagined_lr,160.0,64,123.0,30,15,8,7,[],737393259880580152,
54,3,executed_lr,160.0,64,123.0,30,15,7,8,[],737393259880580152,
54,7,executed_lr,160.0,64,123.0,30,15,7,8,[],737393259880580152,
54,11,executed_lr,160.0,64,123.0,30,15,8,7,[],737393259880580152,
54,4,imagined_lr,160.0,64,123.0,30,15,8,7,[],737393259880580152,
54,8,imagined_lr,160.0,64,123.0,30,15,7,8,[],737393259880580152,
54,12,imagined_lr,160.0,64,123.0,30,15,8,7,[],737393259880580152,
55,3,executed_lr,160.0,64,123.0,30,15,7,8,[],737393259880580152,
55,7,executed_lr,160.0,64,123.0,30,15,8,7,[],737393259880580152,
55,11,executed_lr,160.0,64,123.0,30,15,7,8,[],737393259880580152,
55,4,imagined_lr,160.0,64,123.0,30,15,8,7,[],737393259880580152,
55,8,imagined_lr,160.0,64,123.0,30,15,8,7,[],737393259880580152,
55,12,imagined_lr,160.0,64,123.0,30,15,7,8,[],737393259880580152,
56,3,executed_lr,160.0,64,123.0,30,15,8,7,[],737393259880580152,
56,7,executed_lr,160.0,64,123.0,30,15,8,7,[],737393259880580152,
56,11,executed_lr,160.0,64,123.0,30,15,7,8,[],737393259880580152,
56,4,imagined_lr,160.0,64,123.0,30,15,7,8,[],737393259880580152,
56,8,imagined_lr,160.0,64,123.0,30,15,7,8,[],737393259880580152,
56,12,imagined_lr,160.0,64,123.0,30,15,8,7,[],737393259880580152,
57,3,executed_lr,160.0,64,125.0,30,15,8,7,[],737393259880580152,
57,7,executed_lr,160.0,64,125.0,30,15,8,7,[],737393259880580152,
57,11,executed_lr,160.0,64,125.0,30,15,8,7,[],737393259880580152,
57,4,imagined_lr,160.0,64,125.0,30,15,8,7,[],737393259880580152,
57,8,imagined_lr,160.0,64,125.0,30,15,8,7,[],737393259880580152,
57,12,imagined_lr,160.0,64,125.0,30,15,8,7,[],737393259880580152,
58,3,executed_lr,160.0,64,123.0,30,15,7,8,[],737393259880580152,
58,7,executed_lr,160.0,64,123.0,30,15,8,7,[],737393259880580152,
58,11,executed_lr,160.0,64,123.0,30,15,8,7,[],737393259880580152,
58,4,imagined_lr,160.0,64,123.0,30,15,8,7,[],737393259880580152,
58,8,imagined_lr,160.0,64,123.0,30,15,8,7,[],737393259880580152,
58,12,imagined_lr,160.0,64,123.0,30,15,8,7,[],737393259880580152,
59,3,executed_lr,160.0,64,123.0,30,15,8,7,[],737393259880580152,
59,7,executed_lr,160.0,64,123.0,30,15,7,8,[],737393259880580152,
59,11,executed_lr,160.0,64,123.0,30,15,7,8,[],737393259880580152,
59,4,imagined_lr,160.0,64,123.0,30,15,8,7,[],737393259880580152,
59,8,imagined_lr,160.0,64,123.0,30,15,8,7,[],737393259880580152,
59,12,imagined_lr,160.0,64,123.0,30,15,8,7,[],737393259880580152,
60,3,executed_lr,160.0,64,123.0,30,15,8,7,[],737393259880580152,
60,7,executed_lr,160.0,64,123.0,30,15,7,8,[],737393259880580152,
60,11,executed_lr,160.0,64,123.0,30,15,8,7,[],737393259880580152,
60,4,imagined_lr,160.0,64,123.0,30,15,7,8,[],737393259880580152,
60,8,imagined_lr,160.0,64,123.0,30,15,8,7,[],737393259880580152,
60,12,imagined_lr,160.0,64,123.0,30,15,8,7,[],737393259880580152,
61,3,executed_lr,160.0,64,125.0,30,15,8,7,[],737393259880580152,
61,7,executed_lr,160.0,64,125.0,30,15,8,7,[],737393259880580152,
61,11,executed_lr,160.0,64,125.0,30,15,8,7,[],737393259880580152,
61,4,imagined_lr,160.0,64,125.0,30,15,7,8,[],737393259880580152,
61,8,imagined_lr,160.0,64,125.0,30,15,8,7,[],737393259880580152,
61,12,imagined_lr,160.0,64,125.0,30,15,7,8,[],737393259880580152,
62,3,executed_lr,160.0,64,123.0,30,15,7,8,[],737393259880580152,
62,7,executed_lr,160.0,64,123.0,30,15,7,8,[],737393259880580152,
62,11,executed_lr,160.0,64,123.0,30,15,8,7,[],737393259880580152,
62,4,imagined_lr,160.0,64,123.0,30,15,7,8,[],737393259880580152,
62,8,imagined_lr,160.0,64,123.0,30,15,8,7,[],737393259880580152,
62,12,imagined_lr,160.0,64,123.0,30,15,8,7,[],737393259880580152,
63,3,executed_lr,160.0,64,123.0,30,15,7,8,[],737393259880580152,
63,7,executed_lr,160.0,64,123.0,30,15,8,7,[],737393259880580152,
63,11,executed_lr,160.0,64,123.0,30,15,7,8,[],737393259880580152,
63,4,imagined_lr,160.0,64,123.0,30,15,7,8,[],737393259880580152,
63,8,imagined_lr,160.0,64,123.0,30,15,7,8,[],737393259880580152,
63,12,imagined_lr,160.0,64,123.0,30,15,8,7,[],737393259880580152,
64,3,executed_lr,160.0,64,123.0,30,15,8,7,[],737393259880580152,
64,7,executed_lr,160.0,64,123.0,30,15,8,7,[],737393259880580152,
64,11,executed_lr,160.0,64,123.0,30,15,8,7,[],737393259880580152,
64,4,imagined_lr,160.0,64,124.0,30,15,8,7,[],737393259880580152,
64,8,imagined_lr,160.0,64,124.0,30,15,8,7,[],737393259880580152,
64,12,imagined_lr,160.0,64,123.0,30,15,7,8,[],737393259880580152,
65,3,executed_lr,160.0,64,125.0,30,15,7,8,[],737393259880580152,
65,7,executed_lr,160.0,64,125.0,30,15,8,7,[],737393259880580152,
65,11,executed_lr,160.0,64,125.0,30,15,7,8,[],737393259880580152,
65,4,imagined_lr,160.0,64,125.0,30,15,8,7,[],737393259880580152,
65,8,imagined_lr,160.0,64,125.0,30,15,8,7,[],737393259880580152,
65,12,imagined_lr,160.0,64,125.0,30,15,8,7,[],737393259880580152,
66,3,executed_lr,160.0,64,125.0,30,15,8,7,[],737393259880580152,
66,7,executed_lr,160.0,64,125.0,30,15,8,7,[],737393259880580152,
66,11,executed_lr,160.0,64,125.0,30,15,8,7,[],737393259880580152,
66,4,imagined_lr,160.0,64,125.0,30,15,7,8,[],737393259880580152,
66,8,imagined_lr,160.0,64,125.0,30,15,8,7,[],737393259880580152,
66,12,imagined_lr,160.0,64,125.0,30,15,7,8,[],737393259880580152,
67,3,executed_lr,160.0,64,123.0,30,15,8,7,[],737393259880580152,
67,7,executed_lr,160.0,64,123.0,30,15,7,8,[],737393259880580152,
67,11,executed_lr,160.0,64,123.0,30,15,7,8,[],737393259880580152,
67,4,imagined_lr,160.0,64,123.0,30,15,8,7,[],737393259880580152,
67,8,imagined_lr,160.0,64,123.0,30,15,7,8,[],737393259880580152,
67,12,imagined_lr,160.0,64,123.0,30,15,7,8,[],737393259880580152,
68,3,executed_lr,160.0,64,123.0,30,15,7,8,[],737393259880580152,
68,7,executed_lr,160.0,64,123.0,30,15,8,7,[],737393259880580152,
68,11,executed_lr,160.0,64,123.0,30,15,8,7,[],737393259880580152,
68,4,imagined_lr,160.0,64,123.0,30,15,8,7,[],737393259880580152,
68,8,imagined_lr,160.0,64,123.0,30,15,7,8,[],737393259880580152,
68,12,imagined_lr,160.0,64,123.0,30,15,7,8,[],737393259880580152,
69,3,executed_lr,160.0,64,123.0,30,15,8,7,[],737393259880580152,
69,7,executed_lr,160.0,64,123.0,30,15,8,7,[],737393259880580152,
69,11,executed_lr,160.0,64,123.0,30,15,7,8,[],737393259880580152,
69,4,imagined_lr,160.0,64,123.0,30,15,8,7,[],737393259880580152,
69,8,imagined_lr,160.0,64,123.0,30,15,8,7,[],737393259880580152,
69,12,imagined_lr,160.0,64,123.0,30,15,8,7,[],737393259880580152,
70,3,executed_lr,160.0,64,123.0,30,15,8,7,[],737393259880580152,
70,7,executed_lr,160.0,64,123.0,30,15,8,7,[],737393259880580152,
70,11,executed_lr,160.0,64,123.0,30,15,7,8,[],737393259880580152,
70,4,imagined_lr,160.0,64,123.0,30,15,7,8,[],737393259880580152,
70,8,imagined_lr,160.0,64,123.0,30,15,8,7,[],737393259880580152,
70,12,imagined_lr,160.0,64,123.0,30,15,7,8,[],737393259880580152,
71,3,executed_lr,160.0,64,125.0,30,15,7,8,[],737393259880580152,
71,7,executed_lr,160.0,64,125.0,30,15,8,7,[],737393259880580152,
71,11,executed_lr,160.0,64,125.0,30,15,8,7,[],737393259880580152,
71,4,imagined_lr,160.0,64,125.0,30,15,8,7,[],737393259880580152,
71,8,imagined_lr,160.0,64,125.0,30,15,7,8,[],737393259880580152,
71,12,imagined_lr,160.0,64,125.0,30,15,7,8,[],737393259880580152,
72,3,executed_lr,160.0,64,123.0,30,15,8,7,[],737393259880580152,
72,7,executed_lr,160.0,64,123.0,30,15,7,8,[],737393259880580152,
72,11,executed_lr,160.0,64,123.0,30,15,8,7,[],737393259880580152,
72,4,imagined_lr,160.0,64,123.0,30,15,7,8,[],737393259880580152,
72,8,imagined_lr,160.0,64,123.0,30,15,7,8,[],737393259880580152,
72,12,imagined_lr,160.0,64,124.0,30,15,8,7,[],737393259880580152,
73,3,executed_lr,160.0,64,123.0,30,15,7,8,[],737393259880580152,
73,7,executed_lr,160.0,64,123.0,30,15,7,8,[],737393259880580152,
73,11,executed_lr,160.0,64,123.0,30,15,8,7,[],737393259880580152,
73,4,imagined_lr,160.0,64,123.0,30,15,8,7,[],737393259880580152,
73,8,imagined_lr,160.0,64,123.0,30,15,8,7,[],737393259880580152,
73,12,imagined_lr,160.0,64,123.0,30,15,7,8,[],737393259880580152,
74,3,executed_lr,160.0,64,123.0,30,15,8,7,[],737393259880580152,
74,7,executed_lr,160.0,64,123.0,30,15,8,7,[],737393259880580152,
74,11,executed_lr,160.0,64,123.0,30,15,8,7,[],737393259880580152,
74,4,imagined_lr,160.0,64,124.0,30,15,8,7,[],737393259880580152,
74,8,imagined_lr,160.0,64,123.0,30,15,8,7,[],737393259880580152,
74,12,imagined_lr,160.0,64,123.0,30,15,8,7,[],737393259880580152,
75,3,executed_lr,160.0,64,123.0,30,15,7,8,[],737393259880580152,
75,7,executed_lr,160.0,64,123.0,30,15,8,7,[],737393259880580152,
75,11,executed_lr,160.0,64,123.0,30,15,7,8,[],737393259880580152,
75,4,imagined_lr,160.0,64,123.0,30,15,7,8,[],737393259880580152,
75,8,imagined_lr,160.0,64,123.0,30,15,7,8,[],737393259880580152,
75,12,imagined_lr,160.0,64,123.0,30,15,8,7,[],737393259880580152,
76,3,executed_lr,160.0,64,123.0,30,15,8,7,[],737393259880580152,
76,7,executed_lr,160.0,64,123.0,30,15,7,8,[],737393259880580152,
76,11,executed_lr,160.0,64,123.0,30,15,8,7,[],737393259880580152,
76,4,imagined_lr,160.0,64,123.0,30,15,8,7,[],737393259880580152,
76,8,imagined_lr,160.0,64,123.0,30,15,8,7,[],737393259880580152,
76,12,imagined_lr,160.0,64,123.0,30,15,7,8,[],737393259880580152,
77,3,executed_lr,160.0,64,123.0,30,15,7,8,[],737393259880580152,
77,7,executed_lr,160.0,64,123.0,30,15,7,8,[],737393259880580152,
77,11,executed_lr,160.0,64,123.0,30,15,7,8,[],737393259880580152,
77,4,imagined_lr,160.0,64,123.0,30,15,7,8,[],737393259880580152,
77,8,imagined_lr,160.0,64,123.0,30,15,7,8,[],737393259880580152,
77,12,imagined_lr,160.0,64,123.0,30,15,7,8,[],737393259880580152,
78,3,executed_lr,160.0,64,123.0,30,15,7,8,[],737393259880580152,
78,7,executed_lr,160.0,64,123.0,30,15,7,8,[],737393259880580152,
78,11,executed_lr,160.0,64,123.0,30,15,8,7,[],737393259880580152,
78,4,imagined_lr,160.0,64,123.0,30,15,8,7,[],737393259880580152,
78,8,imagined_lr,160.0,64,123.0,30,15,7,8,[],737393259880580152,
78,12,imagined_lr,160.0,64,123.0,30,15,8,7,[],737393259880580152,
79,3,executed_lr,160.0,64,125.0,30,15,8,7,[],737393259880580152,
79,7,executed_lr,160.0,64,125.0,30,15,7,8,[],737393259880580152,
79,11,executed_lr,160.0,64,125.0,30,15,8,7,[],737393259880580152,
79,4,imagined_lr,160.0,64,125.0,30,15,8,7,[],737393259880580152,
79,8,imagined_lr,160.0,64,125.0,30,15,7,8,[],737393259880580152,
79,12,imagined_lr,160.0,64,125.0,30,15,7,8,[],737393259880580152,
80,3,executed_lr,160.0,64,123.0,30,15,8,7,[],737393259880580152,
80,7,executed_lr,160.0,64,123.0,30,15,7,8,[],737393259880580152,
80,11,executed_lr,160.0,64,123.0,30,15,8,7,[],737393259880580152,
80,4,imagined_lr,160.0,64,123.0,30,15,7,8,[],737393259880580152,
80,8,imagined_lr,160.0,64,123.0,30,15,8,7,[],737393259880580152,
80,12,imagined_lr,160.0,64,123.0,30,15,8,7,[],737393259880580152,
81,3,executed_lr,160.0,64,123.0,30,15,8,7,[],737393259880580152,
81,7,executed_lr,160.0,64,123.0,30,15,7,8,[],737393259880580152,
81,11,executed_lr,160.0,64,123.0,30,15,7,8,[],737393259880580152,
81,4,imagined_lr,160.0,64,123.0,30,15,7,8,[],737393259880580152,
81,8,imagined_lr,160.0,64,123.0,30,15,7,8,[],737393259880580152,
81,12,imagined_lr,160.0,64,123.0,30,15,8,7,[],737393259880580152,
82,3,executed_lr,160.0,64,123.0,30,15,7,8,[],737393259880580152,
82,7,executed_lr,160.0,64,123.0,30,15,8,7,[],737393259880580152,
82,11,executed_lr,160.0,64,123.0,30,15,7,8,[],737393259880580152,
82,4,imagined_lr,160.0,64,123.0,30,15,8,7,[],737393259880580152,
82,8,imagined_lr,160.0,64,123.0,30,15,7,8,[],737393259880580152,
82,12,imagined_lr,160.0,64,123.0,30,15,8,7,[],737393259880580152,
83,3,executed_lr,160.0,64,125.0,30,15,8,7,[],737393259880580152,
83,7,executed_lr,160.0,64,125.0,30,15,7,8,[],737393259880580152,
83,11,executed_lr,160.0,64,125.0,30,15,7,8,[],737393259880580152,
83,4,imagined_lr,160.0,64,125.0,30,15,8,7,[],737393259880580152,
83,8,imagined_lr,160.0,64,125.0,30,15,7,8,[],737393259880580152,
83,12,imagined_lr,160.0,64,125.0,30,15,7,8,[],737393259880580152,
84,3,executed_lr,160.0,64,123.0,30,15,8,7,[],737393259880580152,
84,7,executed_lr,160.0,64,123.0,30,15,8,7,[],737393259880580152,
84,11,executed_lr,160.0,64,123.0,30,15,8,7,[],737393259880580152,
84,4,imagined_lr,160.0,64,123.0,30,15,8,7,[],737393259880580152,
84,8,imagined_lr,160.0,64,123.0,30,15,8,7,[],737393259880580152,
84,12,imagined_lr,160.0,64,123.0,30,15,7,8,[],737393259880580152,
85,3,executed_lr,160.0,64,123.0,30,15,7,8,[],737393259880580152,
85,7,executed_lr,160.0,64,123.0,30,15,8,7,[],737393259880580152,
85,11,executed_lr,160.0,64,123.0,30,15,7,8,[],737393259880580152,
85,4,imagined_lr,160.0,64,123.0,30,15,8,7,[],737393259880580152,
85,8,imagined_lr,160.0,64,123.0,30,15,8,7,[],737393259880580152,
85,12,imagined_lr,160.0,64,123.0,30,15,7,8,[],737393259880580152,
86,3,executed_lr,160.0,64,125.0,30,15,7,8,[],737393259880580152,
86,7,executed_lr,160.0,64,125.0,30,15,8,7,[],737393259880580152,
86,11,executed_lr,160.0,64,125.0,30,15,7,8,[],737393259880580152,
86,4,imagined_lr,160.0,64,125.0,30,15,8,7,[],737393259880580152,
86,8,imagined_lr,160.0,64,125.0,30,15,7,8,[],737393259880580152,
86,12,imagined_lr,160.0,64,125.0,30,15,7,8,[],737393259880580152,
87,3,executed_lr,160.0,64,123.0,30,15,7,8,[],737393259880580152,
87,7,executed_lr,160.0,64,123.0,30,15,7,8,[],737393259880580152,
87,11,executed_lr,160.0,64,123.0,30,15,7,8,[],737393259880580152,
87,4,imagined_lr,160.0,64,123.0,30,15,8,7,[],737393259880580152,
87,8,imagined_lr,160.0,64,123.0,30,15,7,8,[],737393259880580152,
87,12,imagined_lr,160.0,64,123.0,30,15,7,8,[],737393259880580152,
88,3,executed_lr,128.0,64,124.0,38,19,9,10,[],737393259880580152,
88,7,executed_lr,128.0,64,124.0,38,19,10,9,[],737393259880580152,
88,11,executed_lr,128.0,64,124.0,38,19,9,10,[],737393259880580152,
88,4,imagined_lr,128.0,64,124.0,38,19,10,9,[],737393259880580152,
88,8,imagined_lr,128.0,64,124.0,38,19,10,9,[],737393259880580152,
88,12,imagined_lr,128.0,64,124.0,38,19,9,10,[],737393259880580152,
89,3,executed_lr,160.0,64,181.0,44,22,11,11,[],737393259880580152,
89,7,executed_lr,160.0,64,123.0,30,15,8,7,[],737393259880580152,
89,11,executed_lr,160.0,64,123.0,30,15,7,8,[],737393259880580152,
89,4,imagined_lr,160.0,64,123.0,30,15,8,7,[],737393259880580152,
89,8,imagined_lr,160.0,64,123.0,30,15,8,7,[],737393259880580152,
89,12,imagined_lr,160.0,64,123.0,30,15,8,7,[],737393259880580152,
90,3,executed_lr,160.0,64,123.0,30,15,7,8,[],737393259880580152,
90,7,executed_lr,160.0,64,123.0,30,15,7,8,[],737393259880580152,
90,11,executed_lr,160.0,64,123.0,30,15,7,8,[],737393259880580152,
90,4,imagined_lr,160.0,64,123.0,30,15,7,8,[],737393259880580152,
90,8,imagined_lr,160.0,64,123.0,30,15,7,8,[],737393259880580152,
90,12,imagined_lr,160.0,64,123.0,30,15,8,7,[],737393259880580152,
91,3,executed_lr,160.0,64,123.0,30,15,7,8,[],737393259880580152,
91,7,executed_lr,160.0,64,123.0,30,15,7,8,[],737393259880580152,
91,11,executed_lr,160.0,64,123.0,30,15,8,7,[],737393259880580152,
91,4,imagined_lr,160.0,64,123.0,30,15,8,7,[],737393259880580152,
91,8,imagined_lr,160.0,64,123.0,30,15,7,8,[],737393259880580152,
91,12,imagined_lr,160.0,64,123.0,30,15,7,8,[],737393259880580152,
92,3,executed_lr,128.0,64,124.0,38,19,10,9,[],737393259880580152,
92,7,executed_lr,128.0,64,124.0,38,19,10,9,[],737393259880580152,
92,11,executed_lr,128.0,64,124.0,38,19,10,9,[],737393259880580152,
92,4,imagined_lr,128.0,64,124.0,38,19,9,10,[],737393259880580152,
92,8,imagined_lr,128.0,64,124.0,38,19,9,10,[],737393259880580152,
92,12,imagined_lr,128.0,64,124.0,38,19,9,10,[],737393259880580152,
93,3,executed_lr,160.0,64,123.0,30,15,8,7,[],737393259880580152,
93,7,executed_lr,160.0,64,123.0,30,15,8,7,[],737393259880580152,
93,11,executed_lr,160.0,64,123.0,30,15,7,8,[],737393259880580152,
93,4,imagined_lr,160.0,64,123.0,30,15,8,7,[],737393259880580152,
93,8,imagined_lr,160.0,64,123.0,30,15,8,7,[],737393259880580152,
93,12,imagined_lr,160.0,64,123.0,30,15,7,8,[],737393259880580152,
94,3,executed_lr,160.0,64,123.0,30,15,8,7,[],737393259880580152,
94,7,executed_lr,160.0,64,123.0,30,15,8,7,[],737393259880580152,
94,11,executed_lr,160.0,64,123.0,30,15,7,8,[],737393259880580152,
94,4,imagined_lr,160.0,64,123.0,30,15,7,8,[],737393259880580152,
94,8,imagined_lr,160.0,64,123.0,30,15,7,8,[],737393259880580152,
94,12,imagined_lr,160.0,64,123.0,30,15,8,7,[],737393259880580152,
95,3,executed_lr,160.0,64,125.0,30,15,8,7,[],737393259880580152,
95,7,executed_lr,160.0,64,125.0,30,15,7,8,[],737393259880580152,
95,11,executed_lr,160.0,64,125.0,30,15,7,8,[],737393259880580152,
95,4,imagined_lr,160.0,64,125.0,30,15,7,8,[],737393259880580152,
95,8,imagined_lr,160.0,64,125.0,30,15,8,7,[],737393259880580152,
95,12,imagined_lr,160.0,64,125.0,30,15,8,7,[],737393259880580152,
96,3,executed_lr,160.0,64,125.0,30,15,7,8,[],737393259880580152,
96,7,executed_lr,160.0,64,125.0,30,15,7,8,[],737393259880580152,
96,11,executed_lr,160.0,64,125.0,30,15,8,7,[],737393259880580152,
96,4,imagined_lr,160.0,64,125.0,30,15,7,8,[],737393259880580152,
96,8,imagined_lr,160.0,64,125.0,30,15,8,7,[],737393259880580152,
96,12,imagined_lr,160.0,64,125.0,30,15,8,7,[],737393259880580152,
97,3,executed_lr,160.0,64,123.0,30,15,7,8,[],737393259880580152,
97,7,executed_lr,160.0,64,123.0,30,15,8,7,[],737393259880580152,
97,11,executed_lr,160.0,64,123.0,30,15,7,8,[],737393259880580152,
97,4,imagined_lr,160.0,64,123.0,30,15,8,7,[],737393259880580152,
97,8,imagined_lr,160.0,64,123.0,30,15,7,8,[],737393259880580152,
97,12,imagined_lr,160.0,64,123.0,30,15,8,7,[],737393259880580152,
98,3,executed_lr,160.0,64,123.0,30,15,7,8,[],737393259880580152,
98,7,executed_lr,160.0,64,123.0,30,15,7,8,[],737393259880580152,
98,11,executed_lr,160.0,64,123.0,30,15,8,7,[],737393259880580152,
98,4,imagined_lr,160.0,64,123.0,30,15,8,7,[],737393259880580152,
98,8,imagined_lr,160.0,64,123.0,30,15,8,7,[],737393259880580152,
98,12,imagined_lr,160.0,64,123.0,30,15,7,8,[],737393259880580152,
99,3,executed_lr,160.0,64,123.0,30,15,8,7,[],737393259880580152,
99,7,executed_lr,160.0,64,123.0,30,15,8,7,[],737393259880580152,
99,11,executed_lr,160.0,64,123.0,30,15,7,8,[],737393259880580152,
99,4,imagined_lr,160.0,64,123.0,30,15,7,8,[],737393259880580152,
99,8,imagined_lr,160.0,64,123.0,30,15,8,7,[],737393259880580152,
99,12,imagined_lr,160.0,64,123.0,30,15,7,8,[],737393259880580152,
100,3,executed_lr,128.0,64,123.0,24,12,6,6,[],737393259880580152,
100,7,executed_lr,128.0,64,123.0,24,12,6,6,[],737393259880580152,
100,11,executed_lr,128.0,64,123.0,24,12,6,6,[],737393259880580152,
100,4,imagined_lr,128.0,64,123.0,24,12,6,6,[],737393259880580152,
100,8,imagined_lr,128.0,64,123.0,24,12,6,6,[],737393259880580152,
100,12,imagined_lr,128.0,64,123.0,24,12,6,6,[],737393259880580152,
101,3,executed_lr,160.0,64,125.0,30,15,8,7,[],737393259880580152,
101,7,executed_lr,160.0,64,125.0,30,15,7,8,[],737393259880580152,
101,11,executed_lr,160.0,64,125.0,30,15,8,7,[],737393259880580152,
101,4,imagined_lr,160.0,64,125.0,30,15,8,7,[],737393259880580152,
101,8,imagined_lr,160.0,64,125.0,30,15,7,8,[],737393259880580152,
101,12,imagined_lr,160.0,64,125.0,30,15,7,8,[],737393259880580152,
102,3,executed_lr,160.0,64,123.0,30,15,7,8,[],737393259880580152,
102,7,executed_lr,160.0,64,123.0,30,15,7,8,[],737393259880580152,
102,11,executed_lr,160.0,64,123.0,30,15,8,7,[],737393259880580152,
102,4,imagined_lr,160.0,64,123.0,30,15,7,8,[],737393259880580152,
102,8,imagined_lr,160.0,64,123.0,30,15,7,8,[],737393259880580152,
102,12,imagined_lr,160.0,64,123.0,30,15,8,7,[],737393259880580152,
103,3,executed_lr,160.0,64,125.0,30,15,8,7,[],737393259880580152,
103,7,executed_lr,160.0,64,125.0,30,15,8,7,[],737393259880580152,
103,11,executed_lr,160.0,64,125.0,30,15,7,8,[],737393259880580152,
103,4,imagined_lr,160.0,64,125.0,30,15,7,8,[],737393259880580152,
103,8,imagined_lr,160.0,64,125.0,30,15,8,7,[],737393259880580152,
103,12,imagined_lr,160.0,64,125.0,30,15,7,8,[],737393259880580152,
104,3,executed_lr,160.0,64,123.0,30,15,7,8,[],737393259880580152,
104,7,executed_lr,160.0,64,123.0,30,15,8,7,[],737393259880580152,
104,11,executed_lr,160.0,64,123.0,30,15,8,7,[],737393259880580152,
104,4,imagined_lr,160.0,64,123.0,30,15,7,8,[],737393259880580152,
104,8,imagined_lr,160.0,64,106.0,26,13,7,6,[],737393259880580152,
104,12,imagined_lr,160.0,64,123.0,30,15,8,7,[],737393259880580152,
105,3,executed_lr,160.0,64,123.0,30,15,7,8,[],737393259880580152,
105,7,executed_lr,160.0,64,123.0,30,15,7,8,[],737393259880580152,
105,11,executed_lr,160.0,64,123.0,30,15,7,8,[],737393259880580152,
105,4,imagined_lr,160.0,64,123.0,30,15,8,7,[],737393259880580152,
105,8,imagined_lr,160.0,64,123.0,30,15,7,8,[],737393259880580152,
105,12,imagined_lr,160.0,64,123.0,30,15,8,7,[],737393259880580152,
106,3,executed_lr,160.0,64,125.0,30,15,7,8,[],737393259880580152,
106,7,executed_lr,160.0,64,125.0,30,15,8,7,[],737393259880580152,
106,11,executed_lr,160.0,64,125.0,30,15,7,8,[],737393259880580152,
106,4,imagined_lr,160.0,64,125.0,30,15,8,7,[],737393259880580152,
106,8,imagined_lr,160.0,64,125.0,30,15,8,7,[],737393259880580152,
106,12,imagined_lr,160.0,64,125.0,30,15,8,7,[],737393259880580152,
107,3,executed_lr,160.0,64,125.0,30,15,8,7,[],737393259880580152,
107,7,executed_lr,160.0,64,125.0,30,15,7,8,[],737393259880580152,
107,11,executed_lr,160.0,64,125.0,30,15,8,7,[],737393259880580152,
107,4,imagined_lr,160.0,64,125.0,30,15,8,7,[],737393259880580152,
107,8,imagined_lr,160.0,64,125.0,30,15,8,7,[],737393259880580152,
107,12,imagined_lr,160.0,64,125.0,30,15,8,7,[],737393259880580152,
108,3,executed_lr,160.0,64,123.0,30,15,7,8,[],737393259880580152,
108,7,executed_lr,160.0,64,123.0,30,15,7,8,[],737393259880580152,
108,11,executed_lr,160.0,64,123.0,30,15,7,8,[],737393259880580152,
108,4,imagined_lr,160.0,64,123.0,30,15,7,8,[],737393259880580152,
108,8,imagined_lr,160.0,64,123.0,30,15,7,8,[],737393259880580152,
108,12,imagined_lr,160.0,64,123.0,30,15,8,7,[],737393259880580152,
109,3,executed_lr,160.0,64,123.0,30,15,8,7,[],737393259880580152,
109,7,executed_lr,160.0,64,123.0,30,15,7,8,[],737393259880580152,
109,11,executed_lr,160.0,64,123.0,30,15,8,7,[],737393259880580152,
109,4,imagined_lr,160.0,64,123.0,30,15,7,8,[],737393259880580152,
109,8,imagined_lr,160.0,64,123.0,30,15,8,7,[],737393259880580152,
109,12,imagined_lr,160.0,64,123.0,30,15,8,7,[],737393259880580152,
